,PJM_Load,AEP,temp_c,wind_ms,irradiance_wm2
PJM_Load,,,,,
AEP,,1.0,-0.18653592045445183,0.03850569687251774,0.21034700542803533
temp_c,,-0.18653592045445183,1.0,-0.11092487714372407,0.37919242992346663
wind_ms,,0.03850569687251774,-0.11092487714372407,1.0,0.11721603175322029
irradiance_wm2,,0.21034700542803533,0.37919242992346663,0.11721603175322029,1.0
