fold,mae_base,mae_model,rmse_model
1,2.105913955384705,2.537871765339746,5.162423566727595
2,2.08004774341952,2.3848939279485046,4.983321848250989
3,2.1433317085953876,2.417532206576427,5.24332544063686
